Guest_ID,Guest_Name,Guest_Email,Host_ID,Host_Name,Host_Since,Property_ID,Title,City,Room_ID,Room_Type,Base_Price,Booking_ID,CheckIn_Date,CheckOut_Date,Status,Is_Primary,Method_ID,Card_Type,Card_Last4,Payment_ID,Total_Amount,Payment_Date,Installment_ID,Due_Date,Amount,Inst_Status,Service_ID,Service_Name,Quantity,Review_ID,Rating,Comment
53,Murat Yildiz,user58@gmail.com,5,Ahmet Kaya,2023-08-07,1,Grand Plaza,Antalya,1,Family,434.00,13,2026-04-08,2026-04-14,Confirmed,1,,,,,,,,,,,,,,4,3,Good experience!
26,Fatma Demir,user31@gmail.com,5,Ahmet Kaya,2023-08-07,1,Grand Plaza,Antalya,1,Family,434.00,18,2026-08-11,2026-08-12,Confirmed,1,11,Visa,9309,11,1410.00,2026-08-11,15,2026-08-11,1410.00,Pending,,,,,,
20,Mehmet Dogan,user25@outlook.com,5,Ahmet Kaya,2023-08-07,1,Grand Plaza,Antalya,1,Family,434.00,41,2026-07-03,2026-07-05,Confirmed,1,39,Visa,1949,,,,,,,,,,,,,
25,Leyla Sahin,user30@mail.com,5,Ahmet Kaya,2023-08-07,1,Grand Plaza,Antalya,1,Family,434.00,56,2026-04-27,2026-04-28,Confirmed,1,25,Mastercard,1466,38,1684.00,2026-04-27,60,2026-04-27,561.33,Pending,10,Laundry,1,,,
25,Leyla Sahin,user30@mail.com,5,Ahmet Kaya,2023-08-07,1,Grand Plaza,Antalya,1,Family,434.00,56,2026-04-27,2026-04-28,Confirmed,1,25,Mastercard,1466,38,1684.00,2026-04-27,61,2026-05-27,561.33,Pending,10,Laundry,1,,,
25,Leyla Sahin,user30@mail.com,5,Ahmet Kaya,2023-08-07,1,Grand Plaza,Antalya,1,Family,434.00,56,2026-04-27,2026-04-28,Confirmed,1,25,Mastercard,1466,38,1684.00,2026-04-27,62,2026-06-26,561.33,Pending,10,Laundry,1,,,
44,Fatma Sahin,user49@mail.com,5,Ahmet Kaya,2023-08-07,1,Grand Plaza,Antalya,1,Family,434.00,73,2026-06-23,2026-06-30,Confirmed,1,31,Visa,1701,54,886.00,2026-06-23,92,2026-06-23,886.00,Pending,6,Breakfast,2,,,
28,Kaan Dogan,user33@outlook.com,5,Ahmet Kaya,2023-08-07,1,Grand Plaza,Antalya,1,Family,434.00,99,2026-06-22,2026-06-29,Confirmed,1,12,Visa,1787,71,631.00,2026-06-22,123,2026-06-22,631.00,Pending,6,Breakfast,1,,,
17,Ahmet Celik,user22@mail.com,5,Ahmet Kaya,2023-08-07,1,Grand Plaza,Antalya,2,Suite,143.00,14,2026-03-15,2026-03-18,Confirmed,1,8,Mastercard,5671,8,1348.00,2026-03-15,12,2026-03-15,1348.00,Pending,7,Spa,2,5,3,Good experience!
18,Asli Oz,user23@mail.com,5,Ahmet Kaya,2023-08-07,1,Grand Plaza,Antalya,2,Suite,143.00,28,2026-06-17,2026-06-21,Confirmed,1,17,Mastercard,4974,18,563.00,2026-06-17,28,2026-06-17,563.00,Pending,10,Laundry,1,,,
8,Elif Aydin,user13@mail.com,5,Ahmet Kaya,2023-08-07,1,Grand Plaza,Antalya,2,Suite,143.00,46,2026-07-09,2026-07-15,Confirmed,1,2,Visa,4227,31,1055.00,2026-07-09,51,2026-07-09,351.67,Pending,7,Spa,2,,,
8,Elif Aydin,user13@mail.com,5,Ahmet Kaya,2023-08-07,1,Grand Plaza,Antalya,2,Suite,143.00,46,2026-07-09,2026-07-15,Confirmed,1,2,Visa,4227,31,1055.00,2026-07-09,52,2026-08-08,351.67,Pending,7,Spa,2,,,
8,Elif Aydin,user13@mail.com,5,Ahmet Kaya,2023-08-07,1,Grand Plaza,Antalya,2,Suite,143.00,46,2026-07-09,2026-07-15,Confirmed,1,2,Visa,4227,31,1055.00,2026-07-09,53,2026-09-07,351.67,Pending,7,Spa,2,,,
5,Jale Kaya,user10@gmail.com,5,Ahmet Kaya,2023-08-07,1,Grand Plaza,Antalya,2,Suite,143.00,66,2026-04-08,2026-04-14,Confirmed,1,34,Mastercard,8609,48,765.00,2026-04-08,78,2026-04-08,255.00,Pending,6,Breakfast,2,14,4,Good experience!
5,Jale Kaya,user10@gmail.com,5,Ahmet Kaya,2023-08-07,1,Grand Plaza,Antalya,2,Suite,143.00,66,2026-04-08,2026-04-14,Confirmed,1,34,Mastercard,8609,48,765.00,2026-04-08,79,2026-05-08,255.00,Pending,6,Breakfast,2,14,4,Good experience!
5,Jale Kaya,user10@gmail.com,5,Ahmet Kaya,2023-08-07,1,Grand Plaza,Antalya,2,Suite,143.00,66,2026-04-08,2026-04-14,Confirmed,1,34,Mastercard,8609,48,765.00,2026-04-08,80,2026-06-07,255.00,Pending,6,Breakfast,2,14,4,Good experience!
17,Ahmet Celik,user22@mail.com,5,Ahmet Kaya,2023-08-07,1,Grand Plaza,Antalya,2,Suite,143.00,82,2026-06-20,2026-06-23,Confirmed,1,8,Mastercard,5671,62,1067.00,2026-06-20,106,2026-06-20,1067.00,Pending,,,,,,
28,Kaan Dogan,user33@outlook.com,5,Ahmet Kaya,2023-08-07,1,Grand Plaza,Antalya,3,Suite,242.00,12,2026-08-12,2026-08-19,Confirmed,1,12,Visa,1787,,,,,,,,9,Room Service,2,,,
30,Can Dogan,user35@gmail.com,5,Ahmet Kaya,2023-08-07,2,Seaside Resort,Istanbul,4,Suite,316.00,30,2026-06-10,2026-06-15,Confirmed,1,19,Visa,6645,20,1093.00,2026-06-10,32,2026-06-10,1093.00,Pending,,,,,,
7,Elif Kilic,user12@gmail.com,5,Ahmet Kaya,2023-08-07,2,Seaside Resort,Istanbul,4,Suite,316.00,52,2026-07-03,2026-07-10,Confirmed,1,,,,,,,,,,,,,,,,
43,Asli Kilic,user48@mail.com,5,Ahmet Kaya,2023-08-07,2,Seaside Resort,Istanbul,4,Suite,316.00,58,2026-07-11,2026-07-12,Confirmed,1,29,Visa,9266,40,312.00,2026-07-11,64,2026-07-11,104.00,Pending,10,Laundry,1,,,
43,Asli Kilic,user48@mail.com,5,Ahmet Kaya,2023-08-07,2,Seaside Resort,Istanbul,4,Suite,316.00,58,2026-07-11,2026-07-12,Confirmed,1,29,Visa,9266,40,312.00,2026-07-11,65,2026-08-10,104.00,Pending,10,Laundry,1,,,
43,Asli Kilic,user48@mail.com,5,Ahmet Kaya,2023-08-07,2,Seaside Resort,Istanbul,4,Suite,316.00,58,2026-07-11,2026-07-12,Confirmed,1,29,Visa,9266,40,312.00,2026-07-11,66,2026-09-09,104.00,Pending,10,Laundry,1,,,
19,Ahmet Sahin,user24@mail.com,5,Ahmet Kaya,2023-08-07,2,Seaside Resort,Istanbul,4,Suite,316.00,64,2026-03-26,2026-04-01,Confirmed,1,28,Mastercard,9808,46,1409.00,2026-03-26,76,2026-03-26,1409.00,Pending,8,Airport Transfer,2,13,4,Good experience!
8,Elif Aydin,user13@mail.com,5,Ahmet Kaya,2023-08-07,2,Seaside Resort,Istanbul,5,Family,212.00,15,2026-07-26,2026-07-28,Confirmed,1,2,Visa,4227,,,,,,,,8,Airport Transfer,1,,,
13,Can Yilmaz,user18@mail.com,5,Ahmet Kaya,2023-08-07,2,Seaside Resort,Istanbul,5,Family,212.00,35,2026-08-21,2026-08-23,Confirmed,1,13,Visa,5996,23,1981.00,2026-08-21,37,2026-08-21,1981.00,Pending,10,Laundry,1,,,
42,Elif Yilmaz,user47@outlook.com,5,Ahmet Kaya,2023-08-07,2,Seaside Resort,Istanbul,5,Family,212.00,63,2026-06-21,2026-06-25,Confirmed,1,32,Visa,8395,45,733.00,2026-06-21,75,2026-06-21,733.00,Pending,9,Room Service,1,,,
15,Ece Yildiz,user20@mail.com,5,Ahmet Kaya,2023-08-07,2,Seaside Resort,Istanbul,5,Family,212.00,65,2026-07-25,2026-07-29,Confirmed,1,33,Mastercard,6248,47,720.00,2026-07-25,77,2026-07-25,720.00,Pending,,,,,,
28,Kaan Dogan,user33@outlook.com,5,Ahmet Kaya,2023-08-07,2,Seaside Resort,Istanbul,6,Family,472.00,19,2026-09-15,2026-09-19,Confirmed,1,12,Visa,1787,12,793.00,2026-09-15,16,2026-09-15,793.00,Pending,,,,,,
47,Jale Celik,user52@mail.com,5,Ahmet Kaya,2023-08-07,2,Seaside Resort,Istanbul,6,Family,472.00,29,2026-04-22,2026-04-25,Confirmed,1,18,Visa,3624,19,909.00,2026-04-22,29,2026-04-22,303.00,Pending,,,,,,
47,Jale Celik,user52@mail.com,5,Ahmet Kaya,2023-08-07,2,Seaside Resort,Istanbul,6,Family,472.00,29,2026-04-22,2026-04-25,Confirmed,1,18,Visa,3624,19,909.00,2026-04-22,30,2026-05-22,303.00,Pending,,,,,,
47,Jale Celik,user52@mail.com,5,Ahmet Kaya,2023-08-07,2,Seaside Resort,Istanbul,6,Family,472.00,29,2026-04-22,2026-04-25,Confirmed,1,18,Visa,3624,19,909.00,2026-04-22,31,2026-06-21,303.00,Pending,,,,,,
4,Selin Yilmaz,user9@mail.com,5,Ahmet Kaya,2023-08-07,2,Seaside Resort,Istanbul,6,Family,472.00,59,2026-03-29,2026-03-30,Confirmed,1,30,Visa,6886,41,942.00,2026-03-29,67,2026-03-29,314.00,Pending,,,,12,4,Good experience!
4,Selin Yilmaz,user9@mail.com,5,Ahmet Kaya,2023-08-07,2,Seaside Resort,Istanbul,6,Family,472.00,59,2026-03-29,2026-03-30,Confirmed,1,30,Visa,6886,41,942.00,2026-03-29,68,2026-04-28,314.00,Pending,,,,12,4,Good experience!
4,Selin Yilmaz,user9@mail.com,5,Ahmet Kaya,2023-08-07,2,Seaside Resort,Istanbul,6,Family,472.00,59,2026-03-29,2026-03-30,Confirmed,1,30,Visa,6886,41,942.00,2026-03-29,69,2026-05-28,314.00,Pending,,,,12,4,Good experience!
27,Fatma Celik,user32@outlook.com,1,Fatma Yilmaz,2023-07-25,3,City View Hotel,Mugla,7,Suite,400.00,43,2026-04-19,2026-04-25,Confirmed,1,3,Visa,7238,29,291.00,2026-04-19,45,2026-04-19,97.00,Pending,,,,,,
27,Fatma Celik,user32@outlook.com,1,Fatma Yilmaz,2023-07-25,3,City View Hotel,Mugla,7,Suite,400.00,43,2026-04-19,2026-04-25,Confirmed,1,3,Visa,7238,29,291.00,2026-04-19,46,2026-05-19,97.00,Pending,,,,,,
27,Fatma Celik,user32@outlook.com,1,Fatma Yilmaz,2023-07-25,3,City View Hotel,Mugla,7,Suite,400.00,43,2026-04-19,2026-04-25,Confirmed,1,3,Visa,7238,29,291.00,2026-04-19,47,2026-06-18,97.00,Pending,,,,,,
13,Can Yilmaz,user18@mail.com,1,Fatma Yilmaz,2023-07-25,3,City View Hotel,Mugla,7,Suite,400.00,77,2026-05-05,2026-05-06,Confirmed,1,13,Visa,5996,58,706.00,2026-05-05,98,2026-05-05,706.00,Pending,9,Room Service,2,,,
45,Jale Kaya,user50@mail.com,1,Fatma Yilmaz,2023-07-25,3,City View Hotel,Mugla,8,Single,419.00,16,2026-07-12,2026-07-17,Confirmed,1,9,Mastercard,7617,9,137.00,2026-07-12,13,2026-07-12,137.00,Pending,,,,,,
55,Burat Yilmaz,user60@outlook.com,1,Fatma Yilmaz,2023-07-25,3,City View Hotel,Mugla,8,Single,419.00,25,2026-08-14,2026-08-19,Confirmed,1,16,Visa,2817,16,1210.00,2026-08-14,24,2026-08-14,1210.00,Pending,,,,,,
49,Fatma Oz,user54@gmail.com,1,Fatma Yilmaz,2023-07-25,3,City View Hotel,Mugla,8,Single,419.00,50,2026-05-29,2026-05-30,Confirmed,1,1,Mastercard,7789,34,744.00,2026-05-29,56,2026-05-29,744.00,Pending,,,,,,
14,Mehmet Demir,user19@mail.com,1,Fatma Yilmaz,2023-07-25,3,City View Hotel,Mugla,8,Single,419.00,72,2026-08-17,2026-08-22,Confirmed,1,20,Visa,9953,53,1314.00,2026-08-17,91,2026-08-17,1314.00,Pending,,,,,,
11,Burat Yilmaz,user16@gmail.com,1,Fatma Yilmaz,2023-07-25,3,City View Hotel,Mugla,9,Double,449.00,40,2026-07-19,2026-07-23,Confirmed,1,23,Visa,9334,27,973.00,2026-07-19,41,2026-07-19,324.33,Pending,,,,,,
11,Burat Yilmaz,user16@gmail.com,1,Fatma Yilmaz,2023-07-25,3,City View Hotel,Mugla,9,Double,449.00,40,2026-07-19,2026-07-23,Confirmed,1,23,Visa,9334,27,973.00,2026-07-19,42,2026-08-18,324.33,Pending,,,,,,
11,Burat Yilmaz,user16@gmail.com,1,Fatma Yilmaz,2023-07-25,3,City View Hotel,Mugla,9,Double,449.00,40,2026-07-19,2026-07-23,Confirmed,1,23,Visa,9334,27,973.00,2026-07-19,43,2026-09-17,324.33,Pending,,,,,,
29,Burat Aras,user34@mail.com,1,Fatma Yilmaz,2023-07-25,3,City View Hotel,Mugla,9,Double,449.00,54,2026-04-22,2026-04-28,Confirmed,1,5,Mastercard,9661,36,599.00,2026-04-22,58,2026-04-22,599.00,Pending,6,Breakfast,2,,,
28,Kaan Dogan,user33@outlook.com,1,Fatma Yilmaz,2023-07-25,3,City View Hotel,Mugla,9,Double,449.00,57,2026-04-14,2026-04-15,Confirmed,1,12,Visa,1787,39,1711.00,2026-04-14,63,2026-04-14,1711.00,Pending,10,Laundry,1,,,
54,Deniz Celik,user59@gmail.com,1,Fatma Yilmaz,2023-07-25,3,City View Hotel,Mugla,9,Double,449.00,91,2026-05-21,2026-05-27,Confirmed,1,6,Mastercard,9739,67,916.00,2026-05-21,115,2026-05-21,916.00,Pending,,,,,,
29,Burat Aras,user34@mail.com,3,Fatma Aras,2023-11-01,4,Mountain Lodge,Antalya,10,Double,213.00,7,2026-08-03,2026-08-10,Confirmed,1,5,Mastercard,9661,5,1137.00,2026-08-03,9,2026-08-03,1137.00,Pending,10,Laundry,2,,,
24,Burat Yildiz,user29@gmail.com,3,Fatma Aras,2023-11-01,4,Mountain Lodge,Antalya,10,Double,213.00,9,2026-05-22,2026-05-24,Confirmed,1,26,Visa,7979,,,,,,,,,,,,,
30,Can Dogan,user35@gmail.com,3,Fatma Aras,2023-11-01,4,Mountain Lodge,Antalya,10,Double,213.00,27,2026-05-19,2026-05-25,Confirmed,1,19,Visa,6645,,,,,,,,8,Airport Transfer,2,,,
29,Burat Aras,user34@mail.com,3,Fatma Aras,2023-11-01,4,Mountain Lodge,Antalya,10,Double,213.00,37,2026-03-07,2026-03-14,Confirmed,1,5,Mastercard,9661,,,,,,,,,,,8,5,Good experience!
6,Kaan Kilic,user11@gmail.com,3,Fatma Aras,2023-11-01,4,Mountain Lodge,Antalya,10,Double,213.00,47,2026-05-25,2026-05-26,Confirmed,1,,,,,,,,,,,7,Spa,1,,,
38,Can Kilic,user43@outlook.com,3,Fatma Aras,2023-11-01,4,Mountain Lodge,Antalya,10,Double,213.00,62,2026-07-27,2026-08-02,Confirmed,1,24,Mastercard,9887,44,991.00,2026-07-27,72,2026-07-27,330.33,Pending,6,Breakfast,1,,,
38,Can Kilic,user43@outlook.com,3,Fatma Aras,2023-11-01,4,Mountain Lodge,Antalya,10,Double,213.00,62,2026-07-27,2026-08-02,Confirmed,1,24,Mastercard,9887,44,991.00,2026-07-27,73,2026-08-26,330.33,Pending,6,Breakfast,1,,,
38,Can Kilic,user43@outlook.com,3,Fatma Aras,2023-11-01,4,Mountain Lodge,Antalya,10,Double,213.00,62,2026-07-27,2026-08-02,Confirmed,1,24,Mastercard,9887,44,991.00,2026-07-27,74,2026-09-25,330.33,Pending,6,Breakfast,1,,,
16,Kaan Dogan,user21@mail.com,3,Fatma Aras,2023-11-01,4,Mountain Lodge,Antalya,10,Double,213.00,75,2026-08-29,2026-08-31,Confirmed,1,36,Mastercard,3285,56,1909.00,2026-08-29,94,2026-08-29,636.33,Pending,,,,,,
16,Kaan Dogan,user21@mail.com,3,Fatma Aras,2023-11-01,4,Mountain Lodge,Antalya,10,Double,213.00,75,2026-08-29,2026-08-31,Confirmed,1,36,Mastercard,3285,56,1909.00,2026-08-29,95,2026-09-28,636.33,Pending,,,,,,
16,Kaan Dogan,user21@mail.com,3,Fatma Aras,2023-11-01,4,Mountain Lodge,Antalya,10,Double,213.00,75,2026-08-29,2026-08-31,Confirmed,1,36,Mastercard,3285,56,1909.00,2026-08-29,96,2026-10-28,636.33,Pending,,,,,,
5,Jale Kaya,user10@gmail.com,3,Fatma Aras,2023-11-01,4,Mountain Lodge,Antalya,10,Double,213.00,79,2026-07-16,2026-07-22,Confirmed,1,34,Mastercard,8609,,,,,,,,6,Breakfast,1,,,
37,Elif Aras,user42@mail.com,3,Fatma Aras,2023-11-01,4,Mountain Lodge,Antalya,11,Suite,204.00,74,2026-05-29,2026-06-02,Confirmed,1,15,Mastercard,6246,55,372.00,2026-05-29,93,2026-05-29,372.00,Pending,,,,,,
23,Irem Kaya,user28@mail.com,3,Fatma Aras,2023-11-01,4,Mountain Lodge,Antalya,11,Suite,204.00,78,2026-08-12,2026-08-14,Confirmed,1,38,Visa,4338,59,1862.00,2026-08-12,99,2026-08-12,1862.00,Pending,,,,,,
13,Can Yilmaz,user18@mail.com,3,Fatma Aras,2023-11-01,4,Mountain Lodge,Antalya,12,Single,423.00,20,2026-07-27,2026-07-29,Confirmed,1,13,Visa,5996,13,1061.00,2026-07-27,17,2026-07-27,353.67,Pending,,,,,,
13,Can Yilmaz,user18@mail.com,3,Fatma Aras,2023-11-01,4,Mountain Lodge,Antalya,12,Single,423.00,20,2026-07-27,2026-07-29,Confirmed,1,13,Visa,5996,13,1061.00,2026-07-27,18,2026-08-26,353.67,Pending,,,,,,
13,Can Yilmaz,user18@mail.com,3,Fatma Aras,2023-11-01,4,Mountain Lodge,Antalya,12,Single,423.00,20,2026-07-27,2026-07-29,Confirmed,1,13,Visa,5996,13,1061.00,2026-07-27,19,2026-09-25,353.67,Pending,,,,,,
11,Burat Yilmaz,user16@gmail.com,4,Can Demir,2023-02-04,5,Blue Lagoon,Ankara,13,Single,481.00,81,2026-07-10,2026-07-16,Confirmed,1,23,Visa,9334,61,1132.00,2026-07-10,103,2026-07-10,377.33,Pending,6,Breakfast,2,,,
11,Burat Yilmaz,user16@gmail.com,4,Can Demir,2023-02-04,5,Blue Lagoon,Ankara,13,Single,481.00,81,2026-07-10,2026-07-16,Confirmed,1,23,Visa,9334,61,1132.00,2026-07-10,104,2026-08-09,377.33,Pending,6,Breakfast,2,,,
11,Burat Yilmaz,user16@gmail.com,4,Can Demir,2023-02-04,5,Blue Lagoon,Ankara,13,Single,481.00,81,2026-07-10,2026-07-16,Confirmed,1,23,Visa,9334,61,1132.00,2026-07-10,105,2026-09-08,377.33,Pending,6,Breakfast,2,,,
31,Burat Yilmaz,user36@outlook.com,4,Can Demir,2023-02-04,5,Blue Lagoon,Ankara,13,Single,481.00,89,2026-09-05,2026-09-11,Confirmed,1,,,,,,,,,,,7,Spa,2,,,
22,Arda Yilmaz,user27@mail.com,4,Can Demir,2023-02-04,5,Blue Lagoon,Ankara,14,Family,220.00,22,2026-07-08,2026-07-13,Confirmed,1,,,,,,,,,,,6,Breakfast,1,,,
24,Burat Yildiz,user29@gmail.com,4,Can Demir,2023-02-04,5,Blue Lagoon,Ankara,14,Family,220.00,48,2026-09-16,2026-09-20,Confirmed,1,26,Visa,7979,32,505.00,2026-09-16,54,2026-09-16,505.00,Pending,,,,,,
23,Irem Kaya,user28@mail.com,4,Can Demir,2023-02-04,5,Blue Lagoon,Ankara,14,Family,220.00,97,2026-05-17,2026-05-19,Confirmed,1,38,Visa,4338,70,1247.00,2026-05-17,120,2026-05-17,415.67,Pending,,,,,,
23,Irem Kaya,user28@mail.com,4,Can Demir,2023-02-04,5,Blue Lagoon,Ankara,14,Family,220.00,97,2026-05-17,2026-05-19,Confirmed,1,38,Visa,4338,70,1247.00,2026-05-17,121,2026-06-16,415.67,Pending,,,,,,
23,Irem Kaya,user28@mail.com,4,Can Demir,2023-02-04,5,Blue Lagoon,Ankara,14,Family,220.00,97,2026-05-17,2026-05-19,Confirmed,1,38,Visa,4338,70,1247.00,2026-05-17,122,2026-07-16,415.67,Pending,,,,,,
34,Mehmet Yilmaz,user39@mail.com,4,Can Demir,2023-02-04,5,Blue Lagoon,Ankara,15,Double,419.00,76,2026-05-22,2026-05-29,Confirmed,1,37,Mastercard,9603,57,1690.00,2026-05-22,97,2026-05-22,1690.00,Pending,,,,,,
23,Irem Kaya,user28@mail.com,4,Can Demir,2023-02-04,5,Blue Lagoon,Ankara,15,Double,419.00,86,2026-04-04,2026-04-07,Confirmed,1,38,Visa,4338,,,,,,,,,,,17,4,Good experience!
14,Mehmet Demir,user19@mail.com,2,Mehmet Sahin,2023-07-08,6,Garden Inn,Bursa,16,Single,422.00,34,2026-09-08,2026-09-09,Confirmed,1,20,Visa,9953,22,1751.00,2026-09-08,34,2026-09-08,583.67,Pending,7,Spa,1,,,
14,Mehmet Demir,user19@mail.com,2,Mehmet Sahin,2023-07-08,6,Garden Inn,Bursa,16,Single,422.00,34,2026-09-08,2026-09-09,Confirmed,1,20,Visa,9953,22,1751.00,2026-09-08,35,2026-10-08,583.67,Pending,7,Spa,1,,,
14,Mehmet Demir,user19@mail.com,2,Mehmet Sahin,2023-07-08,6,Garden Inn,Bursa,16,Single,422.00,34,2026-09-08,2026-09-09,Confirmed,1,20,Visa,9953,22,1751.00,2026-09-08,36,2026-11-07,583.67,Pending,7,Spa,1,,,
3,Gizem Aydin,user8@mail.com,2,Mehmet Sahin,2023-07-08,6,Garden Inn,Bursa,16,Single,422.00,36,2026-05-30,2026-05-31,Confirmed,1,21,Visa,7441,24,1503.00,2026-05-30,38,2026-05-30,1503.00,Pending,,,,,,
13,Can Yilmaz,user18@mail.com,2,Mehmet Sahin,2023-07-08,6,Garden Inn,Bursa,16,Single,422.00,38,2026-04-05,2026-04-07,Confirmed,1,13,Visa,5996,25,1558.00,2026-04-05,39,2026-04-05,1558.00,Pending,,,,9,5,Good experience!
50,Selin Celik,user55@mail.com,2,Mehmet Sahin,2023-07-08,6,Garden Inn,Bursa,17,Single,404.00,21,2026-08-05,2026-08-09,Confirmed,1,14,Visa,3502,14,632.00,2026-08-05,20,2026-08-05,632.00,Pending,7,Spa,2,,,
30,Can Dogan,user35@gmail.com,2,Mehmet Sahin,2023-07-08,6,Garden Inn,Bursa,17,Single,404.00,87,2026-06-03,2026-06-10,Confirmed,1,19,Visa,6645,64,899.00,2026-06-03,110,2026-06-03,299.67,Pending,9,Room Service,2,,,
30,Can Dogan,user35@gmail.com,2,Mehmet Sahin,2023-07-08,6,Garden Inn,Bursa,17,Single,404.00,87,2026-06-03,2026-06-10,Confirmed,1,19,Visa,6645,64,899.00,2026-06-03,111,2026-07-03,299.67,Pending,9,Room Service,2,,,
30,Can Dogan,user35@gmail.com,2,Mehmet Sahin,2023-07-08,6,Garden Inn,Bursa,17,Single,404.00,87,2026-06-03,2026-06-10,Confirmed,1,19,Visa,6645,64,899.00,2026-06-03,112,2026-08-02,299.67,Pending,9,Room Service,2,,,
43,Asli Kilic,user48@mail.com,2,Mehmet Sahin,2023-07-08,6,Garden Inn,Bursa,18,Double,376.00,8,2026-06-18,2026-06-19,Confirmed,1,29,Visa,9266,,,,,,,,7,Spa,2,,,
4,Selin Yilmaz,user9@mail.com,2,Mehmet Sahin,2023-07-08,6,Garden Inn,Bursa,18,Double,376.00,31,2026-03-06,2026-03-07,Confirmed,1,30,Visa,6886,,,,,,,,9,Room Service,2,7,5,Good experience!
30,Can Dogan,user35@gmail.com,2,Mehmet Sahin,2023-07-08,6,Garden Inn,Bursa,18,Double,376.00,68,2026-06-14,2026-06-15,Confirmed,1,19,Visa,6645,,,,,,,,10,Laundry,1,,,
38,Can Kilic,user43@outlook.com,2,Mehmet Sahin,2023-07-08,6,Garden Inn,Bursa,18,Double,376.00,69,2026-06-05,2026-06-11,Confirmed,1,24,Mastercard,9887,50,1353.00,2026-06-05,84,2026-06-05,451.00,Pending,,,,,,
38,Can Kilic,user43@outlook.com,2,Mehmet Sahin,2023-07-08,6,Garden Inn,Bursa,18,Double,376.00,69,2026-06-05,2026-06-11,Confirmed,1,24,Mastercard,9887,50,1353.00,2026-06-05,85,2026-07-05,451.00,Pending,,,,,,
38,Can Kilic,user43@outlook.com,2,Mehmet Sahin,2023-07-08,6,Garden Inn,Bursa,18,Double,376.00,69,2026-06-05,2026-06-11,Confirmed,1,24,Mastercard,9887,50,1353.00,2026-06-05,86,2026-08-04,451.00,Pending,,,,,,
50,Selin Celik,user55@mail.com,2,Mehmet Sahin,2023-07-08,6,Garden Inn,Bursa,18,Double,376.00,94,2026-05-23,2026-05-27,Confirmed,1,14,Visa,3502,68,1818.00,2026-05-23,116,2026-05-23,606.00,Pending,,,,,,
50,Selin Celik,user55@mail.com,2,Mehmet Sahin,2023-07-08,6,Garden Inn,Bursa,18,Double,376.00,94,2026-05-23,2026-05-27,Confirmed,1,14,Visa,3502,68,1818.00,2026-05-23,117,2026-06-22,606.00,Pending,,,,,,
50,Selin Celik,user55@mail.com,2,Mehmet Sahin,2023-07-08,6,Garden Inn,Bursa,18,Double,376.00,94,2026-05-23,2026-05-27,Confirmed,1,14,Visa,3502,68,1818.00,2026-05-23,118,2026-07-22,606.00,Pending,,,,,,
46,Kaan Celik,user51@mail.com,2,Mehmet Sahin,2023-07-08,6,Garden Inn,Bursa,18,Double,376.00,98,2026-03-19,2026-03-21,Confirmed,1,,,,,,,,,,,,,,18,4,Good experience!
8,Elif Aydin,user13@mail.com,5,Ahmet Kaya,2023-08-07,7,Royal Palace,Antalya,19,Suite,434.00,2,2026-08-29,2026-09-01,Confirmed,1,2,Visa,4227,2,1069.00,2026-08-29,4,2026-08-29,1069.00,Pending,10,Laundry,1,,,
13,Can Yilmaz,user18@mail.com,5,Ahmet Kaya,2023-08-07,7,Royal Palace,Antalya,19,Suite,434.00,33,2026-07-14,2026-07-16,Confirmed,1,13,Visa,5996,21,1148.00,2026-07-14,33,2026-07-14,1148.00,Pending,,,,,,
25,Leyla Sahin,user30@mail.com,5,Ahmet Kaya,2023-08-07,7,Royal Palace,Antalya,19,Suite,434.00,44,2026-07-30,2026-08-06,Confirmed,1,25,Mastercard,1466,30,1599.00,2026-07-30,48,2026-07-30,533.00,Pending,,,,,,
25,Leyla Sahin,user30@mail.com,5,Ahmet Kaya,2023-08-07,7,Royal Palace,Antalya,19,Suite,434.00,44,2026-07-30,2026-08-06,Confirmed,1,25,Mastercard,1466,30,1599.00,2026-07-30,49,2026-08-29,533.00,Pending,,,,,,
25,Leyla Sahin,user30@mail.com,5,Ahmet Kaya,2023-08-07,7,Royal Palace,Antalya,19,Suite,434.00,44,2026-07-30,2026-08-06,Confirmed,1,25,Mastercard,1466,30,1599.00,2026-07-30,50,2026-09-28,533.00,Pending,,,,,,
27,Fatma Celik,user32@outlook.com,5,Ahmet Kaya,2023-08-07,7,Royal Palace,Antalya,20,Double,124.00,5,2026-03-30,2026-04-03,Confirmed,1,3,Visa,7238,3,570.00,2026-03-30,5,2026-03-30,570.00,Pending,8,Airport Transfer,1,3,5,Good experience!
54,Deniz Celik,user59@gmail.com,5,Ahmet Kaya,2023-08-07,7,Royal Palace,Antalya,20,Double,124.00,10,2026-05-17,2026-05-20,Confirmed,1,6,Mastercard,9739,6,1153.00,2026-05-17,10,2026-05-17,1153.00,Pending,10,Laundry,1,,,
39,Hakan Demir,user44@gmail.com,5,Ahmet Kaya,2023-08-07,7,Royal Palace,Antalya,20,Double,124.00,17,2026-08-11,2026-08-14,Confirmed,1,10,Mastercard,2687,10,529.00,2026-08-11,14,2026-08-11,529.00,Pending,,,,,,
37,Elif Aras,user42@mail.com,5,Ahmet Kaya,2023-08-07,7,Royal Palace,Antalya,20,Double,124.00,23,2026-04-20,2026-04-22,Confirmed,1,15,Mastercard,6246,15,207.00,2026-04-20,21,2026-04-20,69.00,Pending,10,Laundry,2,,,
37,Elif Aras,user42@mail.com,5,Ahmet Kaya,2023-08-07,7,Royal Palace,Antalya,20,Double,124.00,23,2026-04-20,2026-04-22,Confirmed,1,15,Mastercard,6246,15,207.00,2026-04-20,22,2026-05-20,69.00,Pending,10,Laundry,2,,,
37,Elif Aras,user42@mail.com,5,Ahmet Kaya,2023-08-07,7,Royal Palace,Antalya,20,Double,124.00,23,2026-04-20,2026-04-22,Confirmed,1,15,Mastercard,6246,15,207.00,2026-04-20,23,2026-06-19,69.00,Pending,10,Laundry,2,,,
15,Ece Yildiz,user20@mail.com,5,Ahmet Kaya,2023-08-07,7,Royal Palace,Antalya,20,Double,124.00,67,2026-08-27,2026-09-03,Confirmed,1,33,Mastercard,6248,49,1387.00,2026-08-27,81,2026-08-27,462.33,Pending,7,Spa,1,,,
15,Ece Yildiz,user20@mail.com,5,Ahmet Kaya,2023-08-07,7,Royal Palace,Antalya,20,Double,124.00,67,2026-08-27,2026-09-03,Confirmed,1,33,Mastercard,6248,49,1387.00,2026-08-27,82,2026-09-26,462.33,Pending,7,Spa,1,,,
15,Ece Yildiz,user20@mail.com,5,Ahmet Kaya,2023-08-07,7,Royal Palace,Antalya,20,Double,124.00,67,2026-08-27,2026-09-03,Confirmed,1,33,Mastercard,6248,49,1387.00,2026-08-27,83,2026-10-26,462.33,Pending,7,Spa,1,,,
26,Fatma Demir,user31@gmail.com,5,Ahmet Kaya,2023-08-07,7,Royal Palace,Antalya,20,Double,124.00,70,2026-08-02,2026-08-07,Confirmed,1,11,Visa,9309,51,318.00,2026-08-02,87,2026-08-02,106.00,Pending,,,,,,
26,Fatma Demir,user31@gmail.com,5,Ahmet Kaya,2023-08-07,7,Royal Palace,Antalya,20,Double,124.00,70,2026-08-02,2026-08-07,Confirmed,1,11,Visa,9309,51,318.00,2026-08-02,88,2026-09-01,106.00,Pending,,,,,,
26,Fatma Demir,user31@gmail.com,5,Ahmet Kaya,2023-08-07,7,Royal Palace,Antalya,20,Double,124.00,70,2026-08-02,2026-08-07,Confirmed,1,11,Visa,9309,51,318.00,2026-08-02,89,2026-10-01,106.00,Pending,,,,,,
3,Gizem Aydin,user8@mail.com,5,Ahmet Kaya,2023-08-07,7,Royal Palace,Antalya,20,Double,124.00,88,2026-08-26,2026-09-02,Confirmed,1,21,Visa,7441,65,1334.00,2026-08-26,113,2026-08-26,1334.00,Pending,,,,,,
24,Burat Yildiz,user29@gmail.com,5,Ahmet Kaya,2023-08-07,7,Royal Palace,Antalya,21,Single,445.00,95,2026-06-09,2026-06-16,Confirmed,1,26,Visa,7979,69,1376.00,2026-06-09,119,2026-06-09,1376.00,Pending,,,,,,
4,Selin Yilmaz,user9@mail.com,5,Ahmet Kaya,2023-08-07,7,Royal Palace,Antalya,21,Single,445.00,96,2026-08-31,2026-09-06,Confirmed,1,30,Visa,6886,,,,,,,,,,,,,
49,Fatma Oz,user54@gmail.com,1,Fatma Yilmaz,2023-07-25,8,Sunset Beach,Mugla,22,Single,120.00,1,2026-07-10,2026-07-13,Confirmed,1,1,Mastercard,7789,1,1278.00,2026-07-10,1,2026-07-10,426.00,Pending,,,,,,
49,Fatma Oz,user54@gmail.com,1,Fatma Yilmaz,2023-07-25,8,Sunset Beach,Mugla,22,Single,120.00,1,2026-07-10,2026-07-13,Confirmed,1,1,Mastercard,7789,1,1278.00,2026-07-10,2,2026-08-09,426.00,Pending,,,,,,
49,Fatma Oz,user54@gmail.com,1,Fatma Yilmaz,2023-07-25,8,Sunset Beach,Mugla,22,Single,120.00,1,2026-07-10,2026-07-13,Confirmed,1,1,Mastercard,7789,1,1278.00,2026-07-10,3,2026-09-08,426.00,Pending,,,,,,
31,Burat Yilmaz,user36@outlook.com,1,Fatma Yilmaz,2023-07-25,8,Sunset Beach,Mugla,22,Single,120.00,4,2026-04-11,2026-04-13,Confirmed,1,,,,,,,,,,,8,Airport Transfer,2,2,4,Good experience!
40,Can Yilmaz,user45@mail.com,1,Fatma Yilmaz,2023-07-25,8,Sunset Beach,Mugla,22,Single,120.00,24,2026-04-15,2026-04-19,Confirmed,1,,,,,,,,,,,,,,,,
16,Kaan Dogan,user21@mail.com,1,Fatma Yilmaz,2023-07-25,8,Sunset Beach,Mugla,22,Single,120.00,45,2026-09-07,2026-09-12,Confirmed,1,36,Mastercard,3285,,,,,,,,,,,,,
13,Can Yilmaz,user18@mail.com,1,Fatma Yilmaz,2023-07-25,8,Sunset Beach,Mugla,22,Single,120.00,49,2026-09-04,2026-09-05,Confirmed,1,13,Visa,5996,33,525.00,2026-09-04,55,2026-09-04,525.00,Pending,7,Spa,2,,,
45,Jale Kaya,user50@mail.com,1,Fatma Yilmaz,2023-07-25,8,Sunset Beach,Mugla,23,Family,93.00,3,2026-03-23,2026-03-26,Confirmed,1,9,Mastercard,7617,,,,,,,,6,Breakfast,2,1,5,Good experience!
47,Jale Celik,user52@mail.com,1,Fatma Yilmaz,2023-07-25,8,Sunset Beach,Mugla,23,Family,93.00,84,2026-09-11,2026-09-16,Confirmed,1,18,Visa,3624,,,,,,,,8,Airport Transfer,2,,,
26,Fatma Demir,user31@gmail.com,1,Fatma Yilmaz,2023-07-25,8,Sunset Beach,Mugla,24,Suite,301.00,26,2026-03-15,2026-03-19,Confirmed,1,11,Visa,9309,17,1384.00,2026-03-15,25,2026-03-15,461.33,Pending,,,,6,3,Good experience!
26,Fatma Demir,user31@gmail.com,1,Fatma Yilmaz,2023-07-25,8,Sunset Beach,Mugla,24,Suite,301.00,26,2026-03-15,2026-03-19,Confirmed,1,11,Visa,9309,17,1384.00,2026-03-15,26,2026-04-14,461.33,Pending,,,,6,3,Good experience!
26,Fatma Demir,user31@gmail.com,1,Fatma Yilmaz,2023-07-25,8,Sunset Beach,Mugla,24,Suite,301.00,26,2026-03-15,2026-03-19,Confirmed,1,11,Visa,9309,17,1384.00,2026-03-15,27,2026-05-14,461.33,Pending,,,,6,3,Good experience!
19,Ahmet Sahin,user24@mail.com,1,Fatma Yilmaz,2023-07-25,8,Sunset Beach,Mugla,24,Suite,301.00,55,2026-03-23,2026-03-28,Confirmed,1,28,Mastercard,9808,37,1470.00,2026-03-23,59,2026-03-23,1470.00,Pending,10,Laundry,1,11,5,Good experience!
3,Gizem Aydin,user8@mail.com,1,Fatma Yilmaz,2023-07-25,8,Sunset Beach,Mugla,24,Suite,301.00,100,2026-04-28,2026-04-30,Confirmed,1,21,Visa,7441,72,1437.00,2026-04-28,124,2026-04-28,1437.00,Pending,6,Breakfast,1,,,
10,Murat Oz,user15@mail.com,5,Ahmet Kaya,2023-08-07,9,Skyline Hotel,Ankara,25,Suite,83.00,53,2026-07-09,2026-07-12,Confirmed,1,27,Mastercard,4531,35,174.00,2026-07-09,57,2026-07-09,174.00,Pending,9,Room Service,2,,,
20,Mehmet Dogan,user25@outlook.com,5,Ahmet Kaya,2023-08-07,9,Skyline Hotel,Ankara,25,Suite,83.00,83,2026-08-02,2026-08-09,Confirmed,1,39,Visa,1949,63,114.00,2026-08-02,107,2026-08-02,38.00,Pending,10,Laundry,2,,,
20,Mehmet Dogan,user25@outlook.com,5,Ahmet Kaya,2023-08-07,9,Skyline Hotel,Ankara,25,Suite,83.00,83,2026-08-02,2026-08-09,Confirmed,1,39,Visa,1949,63,114.00,2026-08-02,108,2026-09-01,38.00,Pending,10,Laundry,2,,,
20,Mehmet Dogan,user25@outlook.com,5,Ahmet Kaya,2023-08-07,9,Skyline Hotel,Ankara,25,Suite,83.00,83,2026-08-02,2026-08-09,Confirmed,1,39,Visa,1949,63,114.00,2026-08-02,109,2026-10-01,38.00,Pending,10,Laundry,2,,,
48,Fatma Kilic,user53@mail.com,5,Ahmet Kaya,2023-08-07,9,Skyline Hotel,Ankara,25,Suite,83.00,85,2026-03-09,2026-03-15,Confirmed,1,22,Mastercard,6416,,,,,,,,6,Breakfast,1,16,3,Good experience!
10,Murat Oz,user15@mail.com,5,Ahmet Kaya,2023-08-07,9,Skyline Hotel,Ankara,25,Suite,83.00,92,2026-05-20,2026-05-22,Confirmed,1,27,Mastercard,4531,,,,,,,,,,,,,
32,Asli Sahin,user37@outlook.com,5,Ahmet Kaya,2023-08-07,9,Skyline Hotel,Ankara,26,Suite,258.00,51,2026-07-14,2026-07-18,Confirmed,1,,,,,,,,,,,8,Airport Transfer,1,,,
51,Hakan Sahin,user56@mail.com,5,Ahmet Kaya,2023-08-07,9,Skyline Hotel,Ankara,27,Single,295.00,11,2026-06-17,2026-06-24,Confirmed,1,7,Visa,8245,7,546.00,2026-06-17,11,2026-06-17,546.00,Pending,10,Laundry,1,,,
48,Fatma Kilic,user53@mail.com,5,Ahmet Kaya,2023-08-07,9,Skyline Hotel,Ankara,27,Single,295.00,39,2026-03-13,2026-03-14,Confirmed,1,22,Mastercard,6416,26,1306.00,2026-03-13,40,2026-03-13,1306.00,Pending,9,Room Service,2,10,4,Good experience!
35,Ece Kaya,user40@gmail.com,5,Ahmet Kaya,2023-08-07,9,Skyline Hotel,Ankara,27,Single,295.00,71,2026-06-06,2026-06-08,Confirmed,1,35,Mastercard,8080,52,1673.00,2026-06-06,90,2026-06-06,1673.00,Pending,,,,,,
48,Fatma Kilic,user53@mail.com,5,Ahmet Kaya,2023-08-07,9,Skyline Hotel,Ankara,27,Single,295.00,90,2026-04-13,2026-04-14,Confirmed,1,22,Mastercard,6416,66,1908.00,2026-04-13,114,2026-04-13,1908.00,Pending,,,,,,
47,Jale Celik,user52@mail.com,5,Ahmet Kaya,2023-08-07,10,Forest Retreat,Bursa,28,Family,194.00,32,2026-08-18,2026-08-22,Confirmed,1,18,Visa,3624,,,,,,,,7,Spa,2,,,
38,Can Kilic,user43@outlook.com,5,Ahmet Kaya,2023-08-07,10,Forest Retreat,Bursa,28,Family,194.00,42,2026-08-22,2026-08-29,Confirmed,1,24,Mastercard,9887,28,1632.00,2026-08-22,44,2026-08-22,1632.00,Pending,,,,,,
1,Elif Sahin,user6@outlook.com,5,Ahmet Kaya,2023-08-07,10,Forest Retreat,Bursa,29,Suite,277.00,6,2026-07-30,2026-08-06,Confirmed,1,4,Mastercard,5976,4,384.00,2026-07-30,6,2026-07-30,128.00,Pending,9,Room Service,2,,,
1,Elif Sahin,user6@outlook.com,5,Ahmet Kaya,2023-08-07,10,Forest Retreat,Bursa,29,Suite,277.00,6,2026-07-30,2026-08-06,Confirmed,1,4,Mastercard,5976,4,384.00,2026-07-30,7,2026-08-29,128.00,Pending,9,Room Service,2,,,
1,Elif Sahin,user6@outlook.com,5,Ahmet Kaya,2023-08-07,10,Forest Retreat,Bursa,29,Suite,277.00,6,2026-07-30,2026-08-06,Confirmed,1,4,Mastercard,5976,4,384.00,2026-07-30,8,2026-09-28,128.00,Pending,9,Room Service,2,,,
47,Jale Celik,user52@mail.com,5,Ahmet Kaya,2023-08-07,10,Forest Retreat,Bursa,29,Suite,277.00,60,2026-06-16,2026-06-17,Confirmed,1,18,Visa,3624,42,1206.00,2026-06-16,70,2026-06-16,1206.00,Pending,10,Laundry,2,,,
44,Fatma Sahin,user49@mail.com,5,Ahmet Kaya,2023-08-07,10,Forest Retreat,Bursa,29,Suite,277.00,61,2026-06-11,2026-06-16,Confirmed,1,31,Visa,1701,43,1162.00,2026-06-11,71,2026-06-11,1162.00,Pending,10,Laundry,2,,,
23,Irem Kaya,user28@mail.com,5,Ahmet Kaya,2023-08-07,10,Forest Retreat,Bursa,30,Suite,296.00,80,2026-03-12,2026-03-16,Confirmed,1,38,Visa,4338,60,778.00,2026-03-12,100,2026-03-12,259.33,Pending,,,,15,5,Good experience!
23,Irem Kaya,user28@mail.com,5,Ahmet Kaya,2023-08-07,10,Forest Retreat,Bursa,30,Suite,296.00,80,2026-03-12,2026-03-16,Confirmed,1,38,Visa,4338,60,778.00,2026-03-12,101,2026-04-11,259.33,Pending,,,,15,5,Good experience!
23,Irem Kaya,user28@mail.com,5,Ahmet Kaya,2023-08-07,10,Forest Retreat,Bursa,30,Suite,296.00,80,2026-03-12,2026-03-16,Confirmed,1,38,Visa,4338,60,778.00,2026-03-12,102,2026-05-11,259.33,Pending,,,,15,5,Good experience!
54,Deniz Celik,user59@gmail.com,5,Ahmet Kaya,2023-08-07,10,Forest Retreat,Bursa,30,Suite,296.00,93,2026-05-31,2026-06-03,Confirmed,1,6,Mastercard,9739,,,,,,,,,,,,,
